event_id,event_date,report_id,event_type,severity,stakeholder_group,estimated_impact,resolution_state,note
EVT0001,2026-01-27,RPT012,lineage ownership update,Medium,bottler finance leads,45229,In review,refresh evidence attached to operating review
EVT0002,2026-01-30,RPT025,performance review,Critical,category management,43335,In review,source owner confirmation needed
EVT0003,2026-03-18,RPT006,quality alert,High,bottler finance leads,49270,Open,metric definition requires clarification
EVT0004,2026-04-12,RPT025,stakeholder training ask,Low,category management,45894,Monitoring,quality exception tied to customer hierarchy mapping
EVT0005,2026-04-29,RPT028,refresh exception,Low,commercial leadership,2504,Resolved,source owner confirmation needed
EVT0006,2026-04-09,RPT016,refresh exception,Medium,commercial leadership,44341,Monitoring,refresh evidence attached to operating review
EVT0007,2026-02-16,RPT031,stakeholder training ask,Low,category management,51959,Monitoring,metric definition requires clarification
EVT0008,2026-02-16,RPT014,lineage ownership update,High,field sales operations,4086,Monitoring,refresh evidence attached to operating review
EVT0009,2026-04-12,RPT026,stakeholder training ask,Critical,field sales operations,1762,Resolved,training material should be refreshed
EVT0010,2026-03-28,RPT002,performance review,Low,field sales operations,43707,Open,training material should be refreshed
EVT0011,2026-04-16,RPT004,lineage ownership update,Low,commercial leadership,37139,In review,source owner confirmation needed
EVT0012,2026-04-10,RPT027,lineage ownership update,Medium,supply planning,24839,Open,quality exception tied to customer hierarchy mapping
EVT0013,2026-03-05,RPT003,definition question,Critical,supply planning,20532,Resolved,source owner confirmation needed
EVT0014,2026-04-29,RPT019,refresh exception,Medium,category management,18321,In review,refresh evidence attached to operating review
EVT0015,2026-03-11,RPT005,refresh exception,High,national customer team,2042,In review,quality exception tied to customer hierarchy mapping
EVT0016,2026-03-17,RPT003,stakeholder training ask,Low,supply planning,39293,Open,quality exception tied to customer hierarchy mapping
EVT0017,2026-04-24,RPT008,definition question,Medium,field sales operations,28270,Monitoring,quality exception tied to customer hierarchy mapping
EVT0018,2026-04-08,RPT017,refresh exception,Medium,national customer team,9977,Open,refresh evidence attached to operating review
EVT0019,2026-02-24,RPT029,lineage ownership update,Low,national customer team,8992,Monitoring,refresh evidence attached to operating review
EVT0020,2026-03-03,RPT029,definition question,Low,national customer team,46623,Open,training material should be refreshed
EVT0021,2026-05-05,RPT013,stakeholder training ask,High,category management,43253,In review,source owner confirmation needed
EVT0022,2026-05-04,RPT022,stakeholder training ask,High,commercial leadership,43446,In review,metric definition requires clarification
EVT0023,2026-01-26,RPT021,performance review,Medium,supply planning,37831,Monitoring,source owner confirmation needed
EVT0024,2026-04-04,RPT013,refresh exception,Medium,category management,29020,Monitoring,training material should be refreshed
EVT0025,2026-03-17,RPT028,definition question,Critical,commercial leadership,32131,Resolved,metric definition requires clarification
EVT0026,2026-01-29,RPT021,definition question,Medium,supply planning,18154,Monitoring,training material should be refreshed
EVT0027,2026-04-06,RPT013,quality alert,Critical,category management,1268,Open,metric definition requires clarification
EVT0028,2026-03-19,RPT004,lineage ownership update,Low,commercial leadership,51174,Open,metric definition requires clarification
EVT0029,2026-03-30,RPT032,refresh exception,Low,field sales operations,8780,Open,metric definition requires clarification
EVT0030,2026-05-02,RPT010,refresh exception,Medium,commercial leadership,16884,Resolved,source owner confirmation needed
EVT0031,2026-01-21,RPT026,lineage ownership update,Low,field sales operations,39001,Monitoring,training material should be refreshed
EVT0032,2026-04-20,RPT032,lineage ownership update,High,field sales operations,8656,Monitoring,refresh evidence attached to operating review
EVT0033,2026-04-02,RPT006,refresh exception,Critical,bottler finance leads,27168,Resolved,training material should be refreshed
EVT0034,2026-05-14,RPT018,lineage ownership update,Low,bottler finance leads,19595,In review,quality exception tied to customer hierarchy mapping
EVT0035,2026-04-25,RPT019,performance review,Critical,category management,48223,Open,refresh evidence attached to operating review
EVT0036,2026-02-05,RPT010,performance review,Medium,commercial leadership,31755,Monitoring,metric definition requires clarification
EVT0037,2026-02-02,RPT028,refresh exception,High,commercial leadership,18800,Open,metric definition requires clarification
EVT0038,2026-01-22,RPT025,performance review,Medium,category management,35489,Resolved,refresh evidence attached to operating review
EVT0039,2026-04-22,RPT023,definition question,Medium,national customer team,7165,Resolved,refresh evidence attached to operating review
EVT0040,2026-05-15,RPT026,definition question,Medium,field sales operations,13781,Monitoring,training material should be refreshed
EVT0041,2026-02-13,RPT023,lineage ownership update,Low,national customer team,36080,Open,metric definition requires clarification
EVT0042,2026-03-30,RPT015,definition question,Critical,supply planning,28110,Open,training material should be refreshed
EVT0043,2026-02-21,RPT020,quality alert,Medium,field sales operations,45084,Monitoring,metric definition requires clarification
EVT0044,2026-04-28,RPT025,performance review,Low,category management,41863,Open,quality exception tied to customer hierarchy mapping
EVT0045,2026-03-17,RPT022,definition question,Medium,commercial leadership,52181,Monitoring,quality exception tied to customer hierarchy mapping
EVT0046,2026-03-17,RPT020,stakeholder training ask,Medium,field sales operations,8060,In review,training material should be refreshed
EVT0047,2026-04-20,RPT012,lineage ownership update,Low,bottler finance leads,2053,In review,training material should be refreshed
EVT0048,2026-04-12,RPT011,stakeholder training ask,High,national customer team,11493,In review,training material should be refreshed
EVT0049,2026-04-22,RPT026,performance review,Low,field sales operations,21997,Open,metric definition requires clarification
EVT0050,2026-04-26,RPT008,stakeholder training ask,Critical,field sales operations,27626,Open,quality exception tied to customer hierarchy mapping
EVT0051,2026-01-25,RPT027,refresh exception,Low,supply planning,25978,Monitoring,training material should be refreshed
EVT0052,2026-03-25,RPT029,performance review,Medium,national customer team,47447,Resolved,metric definition requires clarification
EVT0053,2026-05-08,RPT024,stakeholder training ask,High,bottler finance leads,37399,In review,quality exception tied to customer hierarchy mapping
EVT0054,2026-04-01,RPT014,definition question,High,field sales operations,47235,Open,training material should be refreshed
EVT0055,2026-04-10,RPT019,definition question,Low,category management,46381,In review,quality exception tied to customer hierarchy mapping
EVT0056,2026-02-13,RPT026,lineage ownership update,Medium,field sales operations,50122,Resolved,refresh evidence attached to operating review
EVT0057,2026-04-07,RPT025,refresh exception,Low,category management,18074,Resolved,quality exception tied to customer hierarchy mapping
EVT0058,2026-01-25,RPT026,quality alert,Critical,field sales operations,53213,Resolved,metric definition requires clarification
EVT0059,2026-04-17,RPT012,lineage ownership update,Medium,bottler finance leads,6228,Resolved,metric definition requires clarification
EVT0060,2026-03-22,RPT002,refresh exception,Critical,field sales operations,40582,Open,quality exception tied to customer hierarchy mapping
EVT0061,2026-05-01,RPT003,definition question,Critical,supply planning,35041,Monitoring,source owner confirmation needed
EVT0062,2026-03-06,RPT005,refresh exception,Medium,national customer team,16846,Resolved,training material should be refreshed
EVT0063,2026-02-11,RPT005,lineage ownership update,Medium,national customer team,40711,Resolved,training material should be refreshed
EVT0064,2026-04-26,RPT018,refresh exception,Medium,bottler finance leads,14261,Monitoring,quality exception tied to customer hierarchy mapping
EVT0065,2026-02-27,RPT007,performance review,Critical,category management,50533,Resolved,metric definition requires clarification
EVT0066,2026-01-23,RPT023,stakeholder training ask,High,national customer team,15773,In review,source owner confirmation needed
EVT0067,2026-04-06,RPT013,definition question,Low,category management,43822,Open,refresh evidence attached to operating review
EVT0068,2026-03-18,RPT028,stakeholder training ask,High,commercial leadership,23092,Open,source owner confirmation needed
EVT0069,2026-02-13,RPT021,performance review,High,supply planning,32930,Monitoring,source owner confirmation needed
EVT0070,2026-03-11,RPT015,stakeholder training ask,Medium,supply planning,15439,Monitoring,source owner confirmation needed
EVT0071,2026-02-12,RPT018,definition question,Critical,bottler finance leads,19605,Open,training material should be refreshed
EVT0072,2026-05-06,RPT006,stakeholder training ask,Medium,bottler finance leads,11019,Resolved,refresh evidence attached to operating review
EVT0073,2026-04-20,RPT027,refresh exception,High,supply planning,34512,In review,training material should be refreshed
EVT0074,2026-03-14,RPT016,definition question,High,commercial leadership,6127,Monitoring,quality exception tied to customer hierarchy mapping
EVT0075,2026-04-19,RPT011,stakeholder training ask,High,national customer team,49996,Monitoring,refresh evidence attached to operating review
EVT0076,2026-01-27,RPT013,stakeholder training ask,Low,category management,18267,Monitoring,source owner confirmation needed
EVT0077,2026-03-24,RPT006,performance review,High,bottler finance leads,51393,Open,quality exception tied to customer hierarchy mapping
EVT0078,2026-02-28,RPT025,refresh exception,Low,category management,5224,In review,training material should be refreshed
EVT0079,2026-04-16,RPT027,lineage ownership update,Medium,supply planning,45558,Resolved,quality exception tied to customer hierarchy mapping
EVT0080,2026-05-06,RPT028,quality alert,Critical,commercial leadership,35297,In review,quality exception tied to customer hierarchy mapping
EVT0081,2026-03-22,RPT031,stakeholder training ask,Critical,category management,22727,Resolved,source owner confirmation needed
EVT0082,2026-02-17,RPT009,definition question,Critical,supply planning,51132,Open,training material should be refreshed
EVT0083,2026-02-03,RPT023,quality alert,Critical,national customer team,19061,Open,metric definition requires clarification
EVT0084,2026-03-14,RPT011,definition question,Critical,national customer team,23602,In review,quality exception tied to customer hierarchy mapping
EVT0085,2026-05-16,RPT015,performance review,Critical,supply planning,32570,Resolved,refresh evidence attached to operating review
EVT0086,2026-03-19,RPT012,definition question,High,bottler finance leads,23551,Resolved,source owner confirmation needed
EVT0087,2026-04-29,RPT015,definition question,Medium,supply planning,40852,Monitoring,training material should be refreshed
EVT0088,2026-03-03,RPT023,quality alert,Critical,national customer team,44237,Resolved,metric definition requires clarification
EVT0089,2026-04-17,RPT012,refresh exception,High,bottler finance leads,29907,Open,training material should be refreshed
EVT0090,2026-05-13,RPT017,definition question,Critical,national customer team,27264,Resolved,quality exception tied to customer hierarchy mapping
EVT0091,2026-04-08,RPT013,performance review,Low,category management,5660,Monitoring,refresh evidence attached to operating review
EVT0092,2026-05-06,RPT011,stakeholder training ask,Low,national customer team,19062,In review,quality exception tied to customer hierarchy mapping
EVT0093,2026-05-15,RPT022,performance review,Medium,commercial leadership,35243,Monitoring,source owner confirmation needed
EVT0094,2026-04-28,RPT023,performance review,Medium,national customer team,18987,Resolved,metric definition requires clarification
EVT0095,2026-02-05,RPT002,lineage ownership update,Critical,field sales operations,48176,In review,quality exception tied to customer hierarchy mapping
EVT0096,2026-02-28,RPT021,definition question,Medium,supply planning,53833,Resolved,source owner confirmation needed
EVT0097,2026-04-08,RPT010,definition question,Low,commercial leadership,20961,Monitoring,quality exception tied to customer hierarchy mapping
EVT0098,2026-04-19,RPT025,performance review,Low,category management,36541,Monitoring,refresh evidence attached to operating review
EVT0099,2026-05-13,RPT013,definition question,Medium,category management,33157,In review,training material should be refreshed
EVT0100,2026-05-03,RPT029,stakeholder training ask,Low,national customer team,8502,Resolved,refresh evidence attached to operating review
EVT0101,2026-02-13,RPT030,stakeholder training ask,Low,bottler finance leads,23572,Monitoring,source owner confirmation needed
EVT0102,2026-02-09,RPT026,refresh exception,Critical,field sales operations,15069,Monitoring,refresh evidence attached to operating review
EVT0103,2026-02-19,RPT006,performance review,Critical,bottler finance leads,14142,Open,training material should be refreshed
EVT0104,2026-04-19,RPT002,performance review,Medium,field sales operations,6139,Open,refresh evidence attached to operating review
EVT0105,2026-03-14,RPT028,performance review,Low,commercial leadership,29000,In review,training material should be refreshed
EVT0106,2026-04-09,RPT026,performance review,Critical,field sales operations,32625,Monitoring,metric definition requires clarification
EVT0107,2026-03-25,RPT005,quality alert,Medium,national customer team,21648,Monitoring,quality exception tied to customer hierarchy mapping
EVT0108,2026-02-05,RPT012,definition question,Critical,bottler finance leads,27730,Monitoring,refresh evidence attached to operating review
EVT0109,2026-04-17,RPT003,stakeholder training ask,Low,supply planning,26917,Monitoring,source owner confirmation needed
EVT0110,2026-03-27,RPT018,performance review,High,bottler finance leads,31363,In review,training material should be refreshed
EVT0111,2026-03-29,RPT030,definition question,Medium,bottler finance leads,13801,Resolved,metric definition requires clarification
EVT0112,2026-01-23,RPT004,lineage ownership update,Medium,commercial leadership,20357,Open,metric definition requires clarification
EVT0113,2026-02-19,RPT029,definition question,High,national customer team,18854,In review,training material should be refreshed
EVT0114,2026-05-06,RPT031,refresh exception,Low,category management,23866,Resolved,quality exception tied to customer hierarchy mapping
EVT0115,2026-05-09,RPT012,quality alert,Low,bottler finance leads,37727,Open,quality exception tied to customer hierarchy mapping
EVT0116,2026-01-30,RPT022,stakeholder training ask,Low,commercial leadership,52461,Open,refresh evidence attached to operating review
EVT0117,2026-03-16,RPT002,stakeholder training ask,Critical,field sales operations,44005,Monitoring,quality exception tied to customer hierarchy mapping
EVT0118,2026-05-05,RPT013,refresh exception,Medium,category management,7569,Monitoring,training material should be refreshed
EVT0119,2026-02-20,RPT021,lineage ownership update,Medium,supply planning,13859,Monitoring,training material should be refreshed
EVT0120,2026-03-05,RPT011,definition question,Low,national customer team,15808,Resolved,metric definition requires clarification
EVT0121,2026-04-18,RPT016,performance review,Medium,commercial leadership,49222,Open,source owner confirmation needed
EVT0122,2026-02-09,RPT007,definition question,High,category management,46951,Monitoring,refresh evidence attached to operating review
EVT0123,2026-04-28,RPT021,lineage ownership update,Low,supply planning,20351,Resolved,quality exception tied to customer hierarchy mapping
EVT0124,2026-03-21,RPT029,refresh exception,Medium,national customer team,7445,Monitoring,source owner confirmation needed
EVT0125,2026-03-15,RPT024,lineage ownership update,Medium,bottler finance leads,25428,In review,metric definition requires clarification
EVT0126,2026-01-28,RPT003,definition question,Medium,supply planning,22810,Resolved,training material should be refreshed
EVT0127,2026-05-02,RPT025,quality alert,Critical,category management,32056,In review,refresh evidence attached to operating review
EVT0128,2026-02-19,RPT028,stakeholder training ask,High,commercial leadership,45047,Resolved,training material should be refreshed
EVT0129,2026-01-23,RPT008,performance review,Critical,field sales operations,13913,In review,refresh evidence attached to operating review
EVT0130,2026-04-27,RPT029,quality alert,Medium,national customer team,42734,Open,refresh evidence attached to operating review
EVT0131,2026-02-24,RPT002,quality alert,High,field sales operations,10822,In review,source owner confirmation needed
EVT0132,2026-04-08,RPT006,quality alert,High,bottler finance leads,30487,Resolved,metric definition requires clarification
EVT0133,2026-01-26,RPT022,stakeholder training ask,Critical,commercial leadership,36687,In review,source owner confirmation needed
EVT0134,2026-03-25,RPT014,stakeholder training ask,Medium,field sales operations,8976,Open,metric definition requires clarification
EVT0135,2026-02-16,RPT002,lineage ownership update,Medium,field sales operations,48601,In review,quality exception tied to customer hierarchy mapping
EVT0136,2026-02-02,RPT003,definition question,Low,supply planning,52383,Resolved,quality exception tied to customer hierarchy mapping
EVT0137,2026-02-27,RPT023,stakeholder training ask,Critical,national customer team,6352,Monitoring,quality exception tied to customer hierarchy mapping
EVT0138,2026-04-22,RPT004,performance review,Critical,commercial leadership,34810,Open,metric definition requires clarification
EVT0139,2026-02-28,RPT003,performance review,Low,supply planning,1601,Resolved,training material should be refreshed
EVT0140,2026-03-27,RPT027,refresh exception,Low,supply planning,53881,In review,source owner confirmation needed
EVT0141,2026-02-16,RPT018,quality alert,Critical,bottler finance leads,1263,Resolved,refresh evidence attached to operating review
EVT0142,2026-02-14,RPT017,quality alert,Low,national customer team,49393,Open,source owner confirmation needed
EVT0143,2026-02-23,RPT023,lineage ownership update,High,national customer team,41796,In review,quality exception tied to customer hierarchy mapping
EVT0144,2026-04-27,RPT006,performance review,Critical,bottler finance leads,40209,Open,quality exception tied to customer hierarchy mapping
EVT0145,2026-05-07,RPT025,lineage ownership update,Low,category management,40670,Open,metric definition requires clarification
EVT0146,2026-02-26,RPT025,refresh exception,Critical,category management,43368,Monitoring,training material should be refreshed
EVT0147,2026-01-22,RPT009,definition question,High,supply planning,36722,In review,refresh evidence attached to operating review
EVT0148,2026-05-15,RPT002,lineage ownership update,Low,field sales operations,6084,Monitoring,quality exception tied to customer hierarchy mapping
EVT0149,2026-02-02,RPT001,refresh exception,High,category management,44560,In review,refresh evidence attached to operating review
EVT0150,2026-04-09,RPT002,stakeholder training ask,High,field sales operations,14976,Resolved,training material should be refreshed
EVT0151,2026-04-13,RPT013,definition question,Critical,category management,14803,In review,source owner confirmation needed
EVT0152,2026-05-08,RPT001,lineage ownership update,Critical,category management,3387,Open,training material should be refreshed
EVT0153,2026-03-03,RPT013,quality alert,Low,category management,24715,In review,metric definition requires clarification
EVT0154,2026-03-16,RPT023,performance review,Medium,national customer team,21402,Open,training material should be refreshed
EVT0155,2026-01-25,RPT032,definition question,Critical,field sales operations,19305,Resolved,training material should be refreshed
EVT0156,2026-02-01,RPT023,performance review,Critical,national customer team,38566,In review,metric definition requires clarification
EVT0157,2026-01-24,RPT019,definition question,Critical,category management,50792,Resolved,source owner confirmation needed
EVT0158,2026-05-16,RPT006,performance review,Medium,bottler finance leads,25422,In review,quality exception tied to customer hierarchy mapping
EVT0159,2026-04-10,RPT007,refresh exception,Medium,category management,34826,Open,refresh evidence attached to operating review
EVT0160,2026-03-24,RPT026,stakeholder training ask,Low,field sales operations,42125,Resolved,metric definition requires clarification
EVT0161,2026-03-25,RPT005,definition question,Critical,national customer team,35976,Open,training material should be refreshed
EVT0162,2026-04-07,RPT013,definition question,Medium,category management,39860,Open,source owner confirmation needed
EVT0163,2026-03-02,RPT010,lineage ownership update,High,commercial leadership,32923,In review,quality exception tied to customer hierarchy mapping
EVT0164,2026-02-13,RPT003,stakeholder training ask,Low,supply planning,15247,Monitoring,refresh evidence attached to operating review
EVT0165,2026-04-26,RPT014,refresh exception,Medium,field sales operations,4591,Resolved,quality exception tied to customer hierarchy mapping
EVT0166,2026-04-02,RPT027,performance review,High,supply planning,35236,Resolved,metric definition requires clarification
EVT0167,2026-03-19,RPT004,definition question,Critical,commercial leadership,37324,Open,metric definition requires clarification
EVT0168,2026-01-22,RPT017,performance review,High,national customer team,46509,Open,training material should be refreshed
EVT0169,2026-03-01,RPT001,refresh exception,Low,category management,37477,Open,metric definition requires clarification
EVT0170,2026-01-29,RPT025,stakeholder training ask,Low,category management,1354,Open,training material should be refreshed
EVT0171,2026-02-27,RPT023,performance review,Low,national customer team,48630,In review,metric definition requires clarification
EVT0172,2026-03-25,RPT017,refresh exception,Low,national customer team,48722,Resolved,training material should be refreshed
EVT0173,2026-03-01,RPT011,definition question,Medium,national customer team,47056,Monitoring,metric definition requires clarification
EVT0174,2026-05-07,RPT021,definition question,Critical,supply planning,6332,Resolved,training material should be refreshed
EVT0175,2026-05-19,RPT007,quality alert,Critical,category management,5213,Open,source owner confirmation needed
EVT0176,2026-04-14,RPT013,quality alert,Low,category management,23044,In review,quality exception tied to customer hierarchy mapping
EVT0177,2026-02-02,RPT017,stakeholder training ask,Critical,national customer team,8382,Open,source owner confirmation needed
EVT0178,2026-03-26,RPT020,quality alert,Medium,field sales operations,17616,Open,quality exception tied to customer hierarchy mapping
EVT0179,2026-04-25,RPT026,definition question,Medium,field sales operations,45552,Monitoring,source owner confirmation needed
EVT0180,2026-02-04,RPT009,stakeholder training ask,Critical,supply planning,48015,Resolved,quality exception tied to customer hierarchy mapping
EVT0181,2026-05-17,RPT006,performance review,Low,bottler finance leads,1320,Open,source owner confirmation needed
EVT0182,2026-04-20,RPT011,quality alert,Medium,national customer team,46812,Open,source owner confirmation needed
EVT0183,2026-03-19,RPT027,lineage ownership update,Critical,supply planning,23302,Resolved,refresh evidence attached to operating review
EVT0184,2026-05-15,RPT030,quality alert,Medium,bottler finance leads,15709,In review,refresh evidence attached to operating review
EVT0185,2026-02-01,RPT020,definition question,Medium,field sales operations,21338,Resolved,refresh evidence attached to operating review
EVT0186,2026-02-11,RPT011,lineage ownership update,Low,national customer team,50349,Monitoring,training material should be refreshed
EVT0187,2026-03-01,RPT004,quality alert,Low,commercial leadership,23661,Resolved,source owner confirmation needed
EVT0188,2026-02-09,RPT018,lineage ownership update,Low,bottler finance leads,29773,In review,refresh evidence attached to operating review
EVT0189,2026-03-03,RPT010,stakeholder training ask,Critical,commercial leadership,12939,Open,source owner confirmation needed
EVT0190,2026-02-12,RPT032,stakeholder training ask,High,field sales operations,9215,Open,training material should be refreshed
EVT0191,2026-05-17,RPT006,definition question,Critical,bottler finance leads,38723,Open,training material should be refreshed
EVT0192,2026-03-04,RPT022,refresh exception,High,commercial leadership,40059,Resolved,training material should be refreshed
EVT0193,2026-04-09,RPT011,stakeholder training ask,High,national customer team,17375,Resolved,metric definition requires clarification
EVT0194,2026-02-01,RPT009,stakeholder training ask,Medium,supply planning,9602,Resolved,metric definition requires clarification
EVT0195,2026-04-29,RPT017,lineage ownership update,Critical,national customer team,43346,In review,quality exception tied to customer hierarchy mapping
EVT0196,2026-04-14,RPT004,quality alert,Low,commercial leadership,11352,Open,refresh evidence attached to operating review
EVT0197,2026-03-10,RPT012,definition question,Low,bottler finance leads,44045,In review,training material should be refreshed
EVT0198,2026-01-24,RPT010,definition question,High,commercial leadership,33354,Open,metric definition requires clarification
EVT0199,2026-02-26,RPT007,definition question,Critical,category management,10190,Resolved,metric definition requires clarification
EVT0200,2026-02-16,RPT004,refresh exception,Medium,commercial leadership,19591,Open,metric definition requires clarification
EVT0201,2026-01-21,RPT002,refresh exception,Low,field sales operations,15023,Open,training material should be refreshed
EVT0202,2026-02-27,RPT028,definition question,Medium,commercial leadership,6682,Resolved,metric definition requires clarification
EVT0203,2026-04-12,RPT030,stakeholder training ask,Low,bottler finance leads,25534,Resolved,quality exception tied to customer hierarchy mapping
EVT0204,2026-04-24,RPT009,quality alert,Critical,supply planning,32280,Open,metric definition requires clarification
EVT0205,2026-01-26,RPT028,performance review,High,commercial leadership,38120,Monitoring,refresh evidence attached to operating review
EVT0206,2026-04-08,RPT031,lineage ownership update,Critical,category management,46802,In review,training material should be refreshed
EVT0207,2026-04-15,RPT026,lineage ownership update,Critical,field sales operations,43665,Resolved,source owner confirmation needed
EVT0208,2026-02-16,RPT005,definition question,Low,national customer team,30549,Monitoring,training material should be refreshed
EVT0209,2026-03-18,RPT025,quality alert,Critical,category management,47504,Monitoring,metric definition requires clarification
EVT0210,2026-04-02,RPT014,stakeholder training ask,Low,field sales operations,3825,Monitoring,source owner confirmation needed
EVT0211,2026-04-08,RPT007,definition question,Critical,category management,21789,Open,training material should be refreshed
EVT0212,2026-02-05,RPT012,refresh exception,Low,bottler finance leads,5528,In review,refresh evidence attached to operating review
EVT0213,2026-04-23,RPT001,definition question,Medium,category management,9627,Resolved,quality exception tied to customer hierarchy mapping
EVT0214,2026-02-19,RPT015,performance review,Medium,supply planning,14977,Open,training material should be refreshed
EVT0215,2026-02-16,RPT015,refresh exception,Critical,supply planning,6074,Monitoring,refresh evidence attached to operating review
EVT0216,2026-02-28,RPT031,performance review,High,category management,28287,Monitoring,source owner confirmation needed
EVT0217,2026-02-03,RPT032,refresh exception,High,field sales operations,5652,Open,source owner confirmation needed
EVT0218,2026-03-24,RPT024,lineage ownership update,Critical,bottler finance leads,9613,In review,quality exception tied to customer hierarchy mapping
EVT0219,2026-05-16,RPT004,quality alert,Critical,commercial leadership,8896,Resolved,training material should be refreshed
EVT0220,2026-01-21,RPT026,quality alert,Critical,field sales operations,20954,In review,metric definition requires clarification
EVT0221,2026-05-11,RPT026,quality alert,High,field sales operations,23411,Resolved,refresh evidence attached to operating review
EVT0222,2026-03-18,RPT014,refresh exception,High,field sales operations,31457,Monitoring,training material should be refreshed
EVT0223,2026-03-27,RPT002,performance review,Low,field sales operations,24594,Monitoring,source owner confirmation needed
EVT0224,2026-05-13,RPT005,stakeholder training ask,High,national customer team,42627,Resolved,training material should be refreshed
EVT0225,2026-01-27,RPT004,quality alert,Critical,commercial leadership,18268,Resolved,metric definition requires clarification
EVT0226,2026-02-28,RPT018,quality alert,Critical,bottler finance leads,41008,In review,refresh evidence attached to operating review
EVT0227,2026-03-15,RPT025,refresh exception,High,category management,21487,Monitoring,refresh evidence attached to operating review
EVT0228,2026-02-04,RPT008,lineage ownership update,Low,field sales operations,27880,Open,quality exception tied to customer hierarchy mapping
EVT0229,2026-04-24,RPT011,stakeholder training ask,Critical,national customer team,43445,In review,training material should be refreshed
EVT0230,2026-03-20,RPT029,definition question,Critical,national customer team,29914,Resolved,training material should be refreshed
EVT0231,2026-03-20,RPT009,quality alert,Medium,supply planning,43288,Open,quality exception tied to customer hierarchy mapping
EVT0232,2026-03-01,RPT007,stakeholder training ask,Critical,category management,22636,Resolved,source owner confirmation needed
EVT0233,2026-05-01,RPT014,definition question,High,field sales operations,42348,Resolved,training material should be refreshed
EVT0234,2026-04-06,RPT029,stakeholder training ask,Low,national customer team,48640,Monitoring,quality exception tied to customer hierarchy mapping
EVT0235,2026-03-21,RPT004,stakeholder training ask,Low,commercial leadership,21433,Resolved,training material should be refreshed
EVT0236,2026-01-23,RPT014,refresh exception,Low,field sales operations,32980,In review,source owner confirmation needed
EVT0237,2026-02-02,RPT017,quality alert,Critical,national customer team,12477,Resolved,quality exception tied to customer hierarchy mapping
EVT0238,2026-02-02,RPT012,performance review,Medium,bottler finance leads,38863,Resolved,refresh evidence attached to operating review
EVT0239,2026-04-18,RPT029,quality alert,High,national customer team,4625,Resolved,training material should be refreshed
EVT0240,2026-04-30,RPT022,performance review,Medium,commercial leadership,22598,Open,refresh evidence attached to operating review
EVT0241,2026-02-25,RPT031,performance review,High,category management,29450,Resolved,metric definition requires clarification
EVT0242,2026-02-28,RPT026,quality alert,High,field sales operations,15357,Monitoring,training material should be refreshed
EVT0243,2026-03-25,RPT010,performance review,Medium,commercial leadership,52456,In review,source owner confirmation needed
EVT0244,2026-02-05,RPT012,refresh exception,High,bottler finance leads,5973,Open,refresh evidence attached to operating review
EVT0245,2026-05-15,RPT019,lineage ownership update,Critical,category management,3950,Monitoring,metric definition requires clarification
EVT0246,2026-03-04,RPT025,quality alert,Low,category management,46194,Open,training material should be refreshed
EVT0247,2026-03-14,RPT030,refresh exception,Critical,bottler finance leads,30783,In review,refresh evidence attached to operating review
EVT0248,2026-03-08,RPT011,refresh exception,Low,national customer team,38789,In review,metric definition requires clarification
EVT0249,2026-04-24,RPT008,lineage ownership update,High,field sales operations,26740,In review,metric definition requires clarification
EVT0250,2026-03-08,RPT004,performance review,Low,commercial leadership,28887,Resolved,source owner confirmation needed
EVT0251,2026-05-14,RPT026,lineage ownership update,Critical,field sales operations,42380,Open,training material should be refreshed
EVT0252,2026-02-23,RPT017,performance review,High,national customer team,9497,In review,refresh evidence attached to operating review
EVT0253,2026-04-04,RPT017,definition question,Low,national customer team,7981,Open,source owner confirmation needed
EVT0254,2026-01-24,RPT011,lineage ownership update,Critical,national customer team,33422,Monitoring,source owner confirmation needed
EVT0255,2026-01-27,RPT020,stakeholder training ask,Medium,field sales operations,17253,In review,source owner confirmation needed
EVT0256,2026-02-04,RPT024,performance review,Critical,bottler finance leads,21846,Open,quality exception tied to customer hierarchy mapping
EVT0257,2026-03-21,RPT025,lineage ownership update,Medium,category management,38986,Monitoring,source owner confirmation needed
EVT0258,2026-03-27,RPT022,stakeholder training ask,High,commercial leadership,16558,Open,training material should be refreshed
EVT0259,2026-02-23,RPT014,quality alert,Medium,field sales operations,3349,Monitoring,source owner confirmation needed
EVT0260,2026-02-16,RPT019,refresh exception,Low,category management,31047,Monitoring,metric definition requires clarification
EVT0261,2026-02-07,RPT011,lineage ownership update,Critical,national customer team,17832,Resolved,quality exception tied to customer hierarchy mapping
EVT0262,2026-04-23,RPT013,stakeholder training ask,Critical,category management,20405,In review,quality exception tied to customer hierarchy mapping
EVT0263,2026-01-24,RPT026,refresh exception,Critical,field sales operations,51908,Monitoring,refresh evidence attached to operating review
EVT0264,2026-02-16,RPT029,lineage ownership update,Low,national customer team,8938,Open,source owner confirmation needed
EVT0265,2026-01-24,RPT014,performance review,High,field sales operations,12480,In review,metric definition requires clarification
EVT0266,2026-03-07,RPT015,quality alert,Medium,supply planning,14987,Monitoring,refresh evidence attached to operating review
EVT0267,2026-01-25,RPT022,definition question,High,commercial leadership,53344,Open,refresh evidence attached to operating review
EVT0268,2026-04-10,RPT016,quality alert,High,commercial leadership,19462,Monitoring,quality exception tied to customer hierarchy mapping
EVT0269,2026-03-13,RPT017,refresh exception,High,national customer team,8385,In review,refresh evidence attached to operating review
EVT0270,2026-03-11,RPT007,performance review,High,category management,22491,Resolved,metric definition requires clarification
EVT0271,2026-04-04,RPT030,quality alert,Medium,bottler finance leads,44367,Monitoring,source owner confirmation needed
EVT0272,2026-02-04,RPT009,definition question,Critical,supply planning,6272,Monitoring,quality exception tied to customer hierarchy mapping
EVT0273,2026-02-28,RPT003,stakeholder training ask,Critical,supply planning,5974,Open,metric definition requires clarification
EVT0274,2026-04-14,RPT028,performance review,High,commercial leadership,18471,Resolved,source owner confirmation needed
EVT0275,2026-04-26,RPT003,definition question,Medium,supply planning,33265,Monitoring,source owner confirmation needed
EVT0276,2026-04-09,RPT011,performance review,Critical,national customer team,31241,Open,training material should be refreshed
EVT0277,2026-02-15,RPT001,definition question,Critical,category management,52220,In review,metric definition requires clarification
EVT0278,2026-05-04,RPT029,quality alert,High,national customer team,27217,Resolved,training material should be refreshed
EVT0279,2026-01-21,RPT026,definition question,High,field sales operations,6863,Open,quality exception tied to customer hierarchy mapping
EVT0280,2026-05-16,RPT003,stakeholder training ask,High,supply planning,50531,Monitoring,metric definition requires clarification
EVT0281,2026-05-10,RPT012,quality alert,Critical,bottler finance leads,32999,Open,source owner confirmation needed
EVT0282,2026-05-04,RPT005,stakeholder training ask,High,national customer team,8674,In review,training material should be refreshed
EVT0283,2026-04-17,RPT011,stakeholder training ask,Medium,national customer team,53400,Open,refresh evidence attached to operating review
EVT0284,2026-02-06,RPT019,quality alert,Medium,category management,40975,In review,training material should be refreshed
EVT0285,2026-03-30,RPT016,definition question,Low,commercial leadership,37373,Monitoring,training material should be refreshed
EVT0286,2026-05-18,RPT031,stakeholder training ask,Low,category management,33309,Monitoring,training material should be refreshed
EVT0287,2026-02-09,RPT032,quality alert,High,field sales operations,25057,In review,refresh evidence attached to operating review
EVT0288,2026-01-21,RPT028,stakeholder training ask,Medium,commercial leadership,16594,Resolved,source owner confirmation needed
EVT0289,2026-04-23,RPT013,quality alert,Critical,category management,34704,In review,refresh evidence attached to operating review
EVT0290,2026-03-06,RPT008,performance review,Medium,field sales operations,26697,Monitoring,quality exception tied to customer hierarchy mapping
EVT0291,2026-03-09,RPT026,performance review,Low,field sales operations,36726,Open,refresh evidence attached to operating review
EVT0292,2026-03-14,RPT024,definition question,Medium,bottler finance leads,4532,Open,source owner confirmation needed
EVT0293,2026-05-03,RPT012,quality alert,Critical,bottler finance leads,25094,Open,quality exception tied to customer hierarchy mapping
EVT0294,2026-04-18,RPT013,stakeholder training ask,Low,category management,19609,Monitoring,source owner confirmation needed
EVT0295,2026-04-01,RPT010,refresh exception,Medium,commercial leadership,15756,Monitoring,source owner confirmation needed
EVT0296,2026-02-07,RPT017,performance review,Low,national customer team,15350,Monitoring,training material should be refreshed
EVT0297,2026-05-05,RPT029,quality alert,Critical,national customer team,38472,In review,quality exception tied to customer hierarchy mapping
EVT0298,2026-04-10,RPT012,quality alert,Critical,bottler finance leads,48634,Resolved,quality exception tied to customer hierarchy mapping
EVT0299,2026-02-22,RPT021,quality alert,Critical,supply planning,28501,In review,quality exception tied to customer hierarchy mapping
EVT0300,2026-04-23,RPT016,performance review,Medium,commercial leadership,27101,In review,metric definition requires clarification
EVT0301,2026-01-23,RPT020,performance review,Critical,field sales operations,12594,Open,quality exception tied to customer hierarchy mapping
EVT0302,2026-04-08,RPT023,lineage ownership update,Low,national customer team,42528,Monitoring,source owner confirmation needed
EVT0303,2026-04-05,RPT002,lineage ownership update,Low,field sales operations,40508,Open,training material should be refreshed
EVT0304,2026-04-09,RPT002,quality alert,Medium,field sales operations,27023,In review,refresh evidence attached to operating review
EVT0305,2026-02-23,RPT010,definition question,High,commercial leadership,9524,In review,refresh evidence attached to operating review
EVT0306,2026-04-07,RPT024,definition question,Medium,bottler finance leads,26739,Monitoring,metric definition requires clarification
EVT0307,2026-04-18,RPT009,performance review,Critical,supply planning,12960,In review,metric definition requires clarification
EVT0308,2026-05-02,RPT007,definition question,High,category management,16804,In review,training material should be refreshed
EVT0309,2026-04-29,RPT004,refresh exception,Critical,commercial leadership,41733,In review,metric definition requires clarification
EVT0310,2026-02-21,RPT029,definition question,Low,national customer team,6793,Monitoring,training material should be refreshed
EVT0311,2026-03-15,RPT005,refresh exception,Critical,national customer team,12569,Resolved,quality exception tied to customer hierarchy mapping
EVT0312,2026-05-12,RPT021,refresh exception,Medium,supply planning,14260,Monitoring,refresh evidence attached to operating review
EVT0313,2026-04-24,RPT001,definition question,Critical,category management,22414,In review,quality exception tied to customer hierarchy mapping
EVT0314,2026-03-11,RPT026,performance review,High,field sales operations,32585,Open,source owner confirmation needed
EVT0315,2026-02-16,RPT006,quality alert,Low,bottler finance leads,30918,In review,metric definition requires clarification
EVT0316,2026-04-04,RPT008,performance review,Low,field sales operations,36414,Resolved,refresh evidence attached to operating review
EVT0317,2026-05-18,RPT022,definition question,Low,commercial leadership,52008,Monitoring,metric definition requires clarification
EVT0318,2026-04-04,RPT028,performance review,High,commercial leadership,52827,Open,refresh evidence attached to operating review
EVT0319,2026-05-12,RPT030,performance review,Critical,bottler finance leads,43720,Resolved,training material should be refreshed
EVT0320,2026-04-06,RPT005,stakeholder training ask,Critical,national customer team,39558,Monitoring,refresh evidence attached to operating review
EVT0321,2026-04-24,RPT004,quality alert,Medium,commercial leadership,14131,Monitoring,training material should be refreshed
EVT0322,2026-04-03,RPT020,performance review,High,field sales operations,46176,Open,training material should be refreshed
EVT0323,2026-03-18,RPT016,performance review,Low,commercial leadership,49562,Resolved,metric definition requires clarification
EVT0324,2026-02-08,RPT017,definition question,Low,national customer team,28600,In review,refresh evidence attached to operating review
EVT0325,2026-02-04,RPT013,stakeholder training ask,Critical,category management,31960,Resolved,training material should be refreshed
EVT0326,2026-02-12,RPT010,quality alert,Low,commercial leadership,13385,Resolved,metric definition requires clarification
EVT0327,2026-05-03,RPT007,performance review,Critical,category management,13769,Open,quality exception tied to customer hierarchy mapping
EVT0328,2026-05-17,RPT002,quality alert,High,field sales operations,30282,In review,source owner confirmation needed
EVT0329,2026-03-02,RPT030,refresh exception,Low,bottler finance leads,44560,In review,quality exception tied to customer hierarchy mapping
EVT0330,2026-03-30,RPT024,quality alert,High,bottler finance leads,2166,In review,metric definition requires clarification
EVT0331,2026-03-21,RPT011,refresh exception,Low,national customer team,20757,Resolved,metric definition requires clarification
EVT0332,2026-01-31,RPT021,quality alert,High,supply planning,43810,Monitoring,metric definition requires clarification
EVT0333,2026-02-17,RPT019,refresh exception,Critical,category management,6301,Open,refresh evidence attached to operating review
EVT0334,2026-05-19,RPT015,quality alert,High,supply planning,18317,Monitoring,source owner confirmation needed
EVT0335,2026-05-11,RPT023,definition question,Medium,national customer team,17132,In review,training material should be refreshed
EVT0336,2026-02-02,RPT020,stakeholder training ask,Critical,field sales operations,36885,In review,metric definition requires clarification
EVT0337,2026-03-11,RPT003,lineage ownership update,Medium,supply planning,38530,Resolved,training material should be refreshed
EVT0338,2026-02-11,RPT003,lineage ownership update,High,supply planning,23912,Monitoring,source owner confirmation needed
EVT0339,2026-04-03,RPT027,performance review,Low,supply planning,50779,Open,refresh evidence attached to operating review
EVT0340,2026-03-08,RPT012,definition question,Medium,bottler finance leads,8197,Resolved,training material should be refreshed
EVT0341,2026-04-23,RPT016,stakeholder training ask,High,commercial leadership,7741,In review,metric definition requires clarification
EVT0342,2026-02-03,RPT028,quality alert,Critical,commercial leadership,31736,Resolved,refresh evidence attached to operating review
EVT0343,2026-03-16,RPT006,refresh exception,Critical,bottler finance leads,1910,Resolved,training material should be refreshed
EVT0344,2026-02-17,RPT016,stakeholder training ask,Low,commercial leadership,32925,In review,refresh evidence attached to operating review
EVT0345,2026-01-30,RPT031,quality alert,Critical,category management,47127,Resolved,refresh evidence attached to operating review
EVT0346,2026-03-14,RPT001,lineage ownership update,High,category management,16885,Open,metric definition requires clarification
EVT0347,2026-03-19,RPT007,lineage ownership update,High,category management,1226,Monitoring,quality exception tied to customer hierarchy mapping
EVT0348,2026-02-06,RPT029,lineage ownership update,Critical,national customer team,30449,In review,source owner confirmation needed
EVT0349,2026-01-31,RPT018,lineage ownership update,Critical,bottler finance leads,12321,In review,source owner confirmation needed
EVT0350,2026-04-12,RPT007,stakeholder training ask,Critical,category management,37372,Monitoring,training material should be refreshed
EVT0351,2026-04-18,RPT025,definition question,Critical,category management,18140,Open,source owner confirmation needed
EVT0352,2026-04-11,RPT010,definition question,High,commercial leadership,17371,Open,refresh evidence attached to operating review
EVT0353,2026-03-02,RPT022,refresh exception,High,commercial leadership,26830,Open,refresh evidence attached to operating review
EVT0354,2026-02-26,RPT008,performance review,Medium,field sales operations,36687,Resolved,source owner confirmation needed
EVT0355,2026-04-07,RPT015,stakeholder training ask,Medium,supply planning,26014,Monitoring,training material should be refreshed
EVT0356,2026-03-05,RPT019,stakeholder training ask,Critical,category management,39797,Open,quality exception tied to customer hierarchy mapping
EVT0357,2026-01-31,RPT019,definition question,Medium,category management,24516,Open,quality exception tied to customer hierarchy mapping
EVT0358,2026-03-11,RPT023,quality alert,Critical,national customer team,45582,Open,metric definition requires clarification
EVT0359,2026-04-12,RPT022,definition question,Medium,commercial leadership,34432,In review,metric definition requires clarification
EVT0360,2026-02-15,RPT008,quality alert,Critical,field sales operations,33063,In review,training material should be refreshed
EVT0361,2026-05-19,RPT013,definition question,High,category management,41674,Open,quality exception tied to customer hierarchy mapping
EVT0362,2026-05-12,RPT030,stakeholder training ask,Critical,bottler finance leads,17402,Resolved,quality exception tied to customer hierarchy mapping
EVT0363,2026-04-20,RPT026,performance review,Medium,field sales operations,10490,Resolved,training material should be refreshed
EVT0364,2026-03-23,RPT015,performance review,Critical,supply planning,14054,Monitoring,refresh evidence attached to operating review
EVT0365,2026-03-25,RPT012,stakeholder training ask,Low,bottler finance leads,6234,Monitoring,source owner confirmation needed
EVT0366,2026-03-08,RPT028,quality alert,High,commercial leadership,40322,Resolved,training material should be refreshed
EVT0367,2026-04-07,RPT013,definition question,High,category management,4323,Monitoring,quality exception tied to customer hierarchy mapping
EVT0368,2026-03-25,RPT022,performance review,Medium,commercial leadership,40974,Resolved,quality exception tied to customer hierarchy mapping
EVT0369,2026-02-19,RPT027,refresh exception,Critical,supply planning,47329,In review,quality exception tied to customer hierarchy mapping
EVT0370,2026-03-02,RPT022,performance review,High,commercial leadership,9156,Monitoring,quality exception tied to customer hierarchy mapping
EVT0371,2026-04-19,RPT014,lineage ownership update,High,field sales operations,15574,Open,training material should be refreshed
EVT0372,2026-02-22,RPT008,quality alert,Low,field sales operations,24545,Resolved,training material should be refreshed
EVT0373,2026-04-04,RPT003,stakeholder training ask,Critical,supply planning,26718,In review,training material should be refreshed
EVT0374,2026-03-31,RPT010,definition question,Critical,commercial leadership,18350,Open,training material should be refreshed
EVT0375,2026-04-29,RPT002,definition question,Medium,field sales operations,49997,Monitoring,refresh evidence attached to operating review
EVT0376,2026-02-14,RPT002,definition question,High,field sales operations,31469,Monitoring,refresh evidence attached to operating review
EVT0377,2026-01-26,RPT015,stakeholder training ask,Critical,supply planning,38577,Monitoring,training material should be refreshed
EVT0378,2026-04-15,RPT005,performance review,Low,national customer team,39392,Open,refresh evidence attached to operating review
EVT0379,2026-04-28,RPT023,refresh exception,High,national customer team,2714,Monitoring,metric definition requires clarification
EVT0380,2026-02-24,RPT015,stakeholder training ask,Low,supply planning,24960,Open,training material should be refreshed
EVT0381,2026-04-21,RPT008,performance review,Low,field sales operations,33904,Open,quality exception tied to customer hierarchy mapping
EVT0382,2026-04-02,RPT010,quality alert,Medium,commercial leadership,4650,In review,training material should be refreshed
EVT0383,2026-04-26,RPT006,performance review,Medium,bottler finance leads,41713,Open,source owner confirmation needed
EVT0384,2026-04-04,RPT012,performance review,High,bottler finance leads,4133,Open,source owner confirmation needed
EVT0385,2026-03-17,RPT020,definition question,Critical,field sales operations,12766,Open,training material should be refreshed
EVT0386,2026-03-02,RPT024,quality alert,Medium,bottler finance leads,32761,In review,quality exception tied to customer hierarchy mapping
EVT0387,2026-02-21,RPT002,lineage ownership update,Critical,field sales operations,23805,Monitoring,training material should be refreshed
EVT0388,2026-03-09,RPT021,lineage ownership update,High,supply planning,19782,In review,refresh evidence attached to operating review
EVT0389,2026-02-14,RPT015,quality alert,Medium,supply planning,52111,Resolved,refresh evidence attached to operating review
EVT0390,2026-01-28,RPT022,lineage ownership update,Low,commercial leadership,14777,Resolved,quality exception tied to customer hierarchy mapping
EVT0391,2026-05-01,RPT013,refresh exception,Medium,category management,20506,Open,metric definition requires clarification
EVT0392,2026-02-04,RPT003,stakeholder training ask,Low,supply planning,27780,Resolved,training material should be refreshed
EVT0393,2026-02-14,RPT003,definition question,Medium,supply planning,20248,Open,refresh evidence attached to operating review
EVT0394,2026-04-24,RPT031,performance review,Medium,category management,14562,Resolved,metric definition requires clarification
EVT0395,2026-04-27,RPT003,performance review,Critical,supply planning,8476,In review,source owner confirmation needed
EVT0396,2026-01-31,RPT011,stakeholder training ask,Low,national customer team,29631,In review,quality exception tied to customer hierarchy mapping
EVT0397,2026-02-17,RPT011,refresh exception,Critical,national customer team,31432,Open,source owner confirmation needed
EVT0398,2026-03-30,RPT002,refresh exception,Medium,field sales operations,16636,In review,refresh evidence attached to operating review
EVT0399,2026-05-16,RPT031,refresh exception,Medium,category management,53481,Resolved,refresh evidence attached to operating review
EVT0400,2026-02-19,RPT021,definition question,Critical,supply planning,21490,Resolved,source owner confirmation needed
EVT0401,2026-04-07,RPT005,performance review,Medium,national customer team,24051,Resolved,refresh evidence attached to operating review
EVT0402,2026-03-27,RPT012,stakeholder training ask,Medium,bottler finance leads,39986,Monitoring,metric definition requires clarification
EVT0403,2026-05-03,RPT020,refresh exception,Medium,field sales operations,16374,Resolved,quality exception tied to customer hierarchy mapping
EVT0404,2026-01-27,RPT010,quality alert,Low,commercial leadership,32322,Resolved,quality exception tied to customer hierarchy mapping
EVT0405,2026-02-22,RPT005,definition question,Low,national customer team,40993,Open,quality exception tied to customer hierarchy mapping
EVT0406,2026-04-13,RPT002,quality alert,High,field sales operations,51472,Monitoring,metric definition requires clarification
EVT0407,2026-04-08,RPT025,quality alert,High,category management,16637,Open,source owner confirmation needed
EVT0408,2026-05-08,RPT025,performance review,Critical,category management,16042,In review,metric definition requires clarification
EVT0409,2026-03-17,RPT012,stakeholder training ask,High,bottler finance leads,15382,Resolved,quality exception tied to customer hierarchy mapping
EVT0410,2026-05-09,RPT004,quality alert,High,commercial leadership,38980,Monitoring,refresh evidence attached to operating review
EVT0411,2026-02-19,RPT011,lineage ownership update,High,national customer team,37103,Resolved,training material should be refreshed
EVT0412,2026-01-23,RPT012,refresh exception,Low,bottler finance leads,45770,Open,training material should be refreshed
EVT0413,2026-02-27,RPT020,definition question,High,field sales operations,33397,In review,source owner confirmation needed
EVT0414,2026-02-23,RPT029,refresh exception,High,national customer team,8071,Monitoring,source owner confirmation needed
EVT0415,2026-04-16,RPT013,quality alert,Medium,category management,7929,Monitoring,refresh evidence attached to operating review
EVT0416,2026-04-08,RPT022,lineage ownership update,Low,commercial leadership,9978,Resolved,training material should be refreshed
EVT0417,2026-04-03,RPT016,refresh exception,Low,commercial leadership,14884,In review,source owner confirmation needed
EVT0418,2026-02-02,RPT018,performance review,Low,bottler finance leads,16243,Monitoring,metric definition requires clarification
EVT0419,2026-01-27,RPT005,quality alert,Critical,national customer team,12493,Resolved,refresh evidence attached to operating review
EVT0420,2026-03-06,RPT021,refresh exception,Medium,supply planning,29466,In review,refresh evidence attached to operating review
EVT0421,2026-04-12,RPT004,refresh exception,Critical,commercial leadership,51179,Monitoring,metric definition requires clarification
EVT0422,2026-04-19,RPT014,refresh exception,Medium,field sales operations,11578,Resolved,source owner confirmation needed
EVT0423,2026-03-10,RPT030,stakeholder training ask,Critical,bottler finance leads,36100,In review,source owner confirmation needed
EVT0424,2026-03-23,RPT011,definition question,Critical,national customer team,11710,Open,metric definition requires clarification
EVT0425,2026-02-27,RPT014,definition question,High,field sales operations,38012,In review,quality exception tied to customer hierarchy mapping
EVT0426,2026-03-11,RPT024,definition question,Critical,bottler finance leads,11660,Open,quality exception tied to customer hierarchy mapping
EVT0427,2026-04-06,RPT011,performance review,High,national customer team,40407,Open,quality exception tied to customer hierarchy mapping
EVT0428,2026-05-11,RPT020,definition question,Low,field sales operations,50398,Resolved,refresh evidence attached to operating review
EVT0429,2026-05-17,RPT024,quality alert,Critical,bottler finance leads,29222,In review,refresh evidence attached to operating review
EVT0430,2026-03-05,RPT012,stakeholder training ask,High,bottler finance leads,51639,Resolved,quality exception tied to customer hierarchy mapping
EVT0431,2026-05-16,RPT028,definition question,Critical,commercial leadership,29837,Monitoring,quality exception tied to customer hierarchy mapping
EVT0432,2026-05-15,RPT023,performance review,High,national customer team,45566,Monitoring,refresh evidence attached to operating review
EVT0433,2026-03-02,RPT001,refresh exception,Critical,category management,25143,Open,refresh evidence attached to operating review
EVT0434,2026-04-06,RPT030,performance review,Critical,bottler finance leads,19553,Resolved,source owner confirmation needed
EVT0435,2026-03-08,RPT007,lineage ownership update,Low,category management,21713,In review,training material should be refreshed
EVT0436,2026-03-25,RPT027,stakeholder training ask,Low,supply planning,21542,In review,refresh evidence attached to operating review
EVT0437,2026-03-09,RPT017,lineage ownership update,Critical,national customer team,41657,Resolved,source owner confirmation needed
EVT0438,2026-04-30,RPT004,definition question,Critical,commercial leadership,27888,Open,refresh evidence attached to operating review
EVT0439,2026-03-25,RPT015,performance review,Medium,supply planning,34264,Resolved,source owner confirmation needed
EVT0440,2026-02-02,RPT019,stakeholder training ask,Medium,category management,51205,Monitoring,training material should be refreshed
EVT0441,2026-05-09,RPT001,performance review,Medium,category management,3008,In review,metric definition requires clarification
EVT0442,2026-02-11,RPT022,refresh exception,Medium,commercial leadership,51397,In review,quality exception tied to customer hierarchy mapping
EVT0443,2026-02-11,RPT001,lineage ownership update,High,category management,18596,Monitoring,metric definition requires clarification
EVT0444,2026-03-09,RPT032,quality alert,High,field sales operations,48316,Open,training material should be refreshed
EVT0445,2026-02-22,RPT030,lineage ownership update,Critical,bottler finance leads,42490,Open,training material should be refreshed
EVT0446,2026-02-05,RPT007,performance review,High,category management,19274,Resolved,quality exception tied to customer hierarchy mapping
EVT0447,2026-04-23,RPT016,lineage ownership update,High,commercial leadership,15854,In review,training material should be refreshed
EVT0448,2026-04-03,RPT019,lineage ownership update,Low,category management,29593,Resolved,metric definition requires clarification
EVT0449,2026-05-18,RPT023,performance review,High,national customer team,10581,In review,quality exception tied to customer hierarchy mapping
EVT0450,2026-04-13,RPT031,performance review,High,category management,6388,In review,source owner confirmation needed
EVT0451,2026-01-28,RPT003,lineage ownership update,Low,supply planning,33741,Resolved,quality exception tied to customer hierarchy mapping
EVT0452,2026-02-20,RPT030,refresh exception,Low,bottler finance leads,6414,Resolved,quality exception tied to customer hierarchy mapping
EVT0453,2026-02-19,RPT028,quality alert,Critical,commercial leadership,2868,Open,source owner confirmation needed
EVT0454,2026-04-15,RPT021,refresh exception,High,supply planning,45276,Resolved,quality exception tied to customer hierarchy mapping
EVT0455,2026-04-11,RPT025,refresh exception,Critical,category management,43722,Resolved,source owner confirmation needed
EVT0456,2026-05-08,RPT002,performance review,High,field sales operations,41636,Monitoring,training material should be refreshed
EVT0457,2026-02-22,RPT014,performance review,High,field sales operations,24636,Resolved,metric definition requires clarification
EVT0458,2026-01-22,RPT006,performance review,High,bottler finance leads,11876,Open,quality exception tied to customer hierarchy mapping
EVT0459,2026-05-04,RPT019,refresh exception,Medium,category management,36939,Monitoring,training material should be refreshed
EVT0460,2026-04-02,RPT018,refresh exception,Critical,bottler finance leads,37060,Monitoring,metric definition requires clarification
EVT0461,2026-03-03,RPT021,refresh exception,High,supply planning,21570,Open,training material should be refreshed
EVT0462,2026-04-07,RPT008,refresh exception,Medium,field sales operations,31215,Resolved,refresh evidence attached to operating review
EVT0463,2026-01-20,RPT030,stakeholder training ask,Critical,bottler finance leads,44281,Open,refresh evidence attached to operating review
EVT0464,2026-05-16,RPT006,performance review,Critical,bottler finance leads,39667,Resolved,source owner confirmation needed
EVT0465,2026-04-27,RPT014,definition question,Low,field sales operations,12461,Resolved,quality exception tied to customer hierarchy mapping
EVT0466,2026-03-09,RPT014,lineage ownership update,High,field sales operations,52080,Resolved,quality exception tied to customer hierarchy mapping
EVT0467,2026-03-29,RPT024,quality alert,Critical,bottler finance leads,31544,Open,refresh evidence attached to operating review
EVT0468,2026-05-13,RPT009,quality alert,Critical,supply planning,40459,Open,training material should be refreshed
EVT0469,2026-04-02,RPT025,performance review,High,category management,40392,Open,refresh evidence attached to operating review
EVT0470,2026-05-08,RPT002,lineage ownership update,Medium,field sales operations,33793,Monitoring,source owner confirmation needed
EVT0471,2026-01-21,RPT002,quality alert,Medium,field sales operations,24407,Open,metric definition requires clarification
EVT0472,2026-05-18,RPT002,lineage ownership update,High,field sales operations,25149,Monitoring,quality exception tied to customer hierarchy mapping
EVT0473,2026-03-03,RPT008,stakeholder training ask,Medium,field sales operations,47330,Resolved,quality exception tied to customer hierarchy mapping
EVT0474,2026-05-12,RPT017,quality alert,High,national customer team,42800,Monitoring,metric definition requires clarification
EVT0475,2026-03-22,RPT014,definition question,High,field sales operations,40014,Open,metric definition requires clarification
EVT0476,2026-05-13,RPT031,performance review,Critical,category management,1378,Open,quality exception tied to customer hierarchy mapping
EVT0477,2026-04-10,RPT006,performance review,Low,bottler finance leads,9063,In review,metric definition requires clarification
EVT0478,2026-04-08,RPT031,definition question,Medium,category management,14861,In review,source owner confirmation needed
EVT0479,2026-02-19,RPT018,quality alert,High,bottler finance leads,6543,Monitoring,source owner confirmation needed
EVT0480,2026-05-12,RPT030,refresh exception,Medium,bottler finance leads,33291,Monitoring,quality exception tied to customer hierarchy mapping
EVT0481,2026-02-19,RPT027,quality alert,Critical,supply planning,50972,Open,quality exception tied to customer hierarchy mapping
EVT0482,2026-02-13,RPT005,performance review,Medium,national customer team,12516,Open,quality exception tied to customer hierarchy mapping
EVT0483,2026-02-12,RPT010,refresh exception,High,commercial leadership,19676,Resolved,metric definition requires clarification
EVT0484,2026-02-03,RPT021,lineage ownership update,Critical,supply planning,34944,Open,refresh evidence attached to operating review
EVT0485,2026-04-05,RPT017,definition question,Critical,national customer team,8501,Open,training material should be refreshed
EVT0486,2026-04-15,RPT010,definition question,Low,commercial leadership,2173,In review,quality exception tied to customer hierarchy mapping
EVT0487,2026-02-10,RPT019,quality alert,High,category management,51326,Open,refresh evidence attached to operating review
EVT0488,2026-04-20,RPT003,refresh exception,Medium,supply planning,42279,Open,metric definition requires clarification
EVT0489,2026-03-24,RPT032,performance review,High,field sales operations,14937,Resolved,source owner confirmation needed
EVT0490,2026-05-13,RPT015,refresh exception,High,supply planning,49621,Monitoring,quality exception tied to customer hierarchy mapping
EVT0491,2026-03-03,RPT011,performance review,Low,national customer team,33837,In review,metric definition requires clarification
EVT0492,2026-05-17,RPT016,definition question,Low,commercial leadership,16446,Monitoring,quality exception tied to customer hierarchy mapping
EVT0493,2026-04-27,RPT011,quality alert,Low,national customer team,6554,Resolved,metric definition requires clarification
EVT0494,2026-04-08,RPT032,stakeholder training ask,High,field sales operations,20058,Monitoring,metric definition requires clarification
EVT0495,2026-01-31,RPT006,stakeholder training ask,Critical,bottler finance leads,1769,Open,refresh evidence attached to operating review
EVT0496,2026-01-25,RPT011,lineage ownership update,Medium,national customer team,8131,In review,training material should be refreshed
EVT0497,2026-03-19,RPT001,performance review,Critical,category management,29557,Resolved,training material should be refreshed
EVT0498,2026-03-10,RPT014,quality alert,Medium,field sales operations,8819,In review,training material should be refreshed
EVT0499,2026-04-11,RPT003,refresh exception,Low,supply planning,16916,Resolved,training material should be refreshed
EVT0500,2026-03-30,RPT025,performance review,High,category management,2973,In review,quality exception tied to customer hierarchy mapping
EVT0501,2026-05-07,RPT006,lineage ownership update,High,bottler finance leads,34540,Resolved,training material should be refreshed
EVT0502,2026-04-15,RPT018,performance review,High,bottler finance leads,49387,Monitoring,metric definition requires clarification
EVT0503,2026-02-26,RPT023,stakeholder training ask,Medium,national customer team,44369,Open,training material should be refreshed
EVT0504,2026-02-21,RPT032,definition question,Medium,field sales operations,45691,Open,refresh evidence attached to operating review
EVT0505,2026-03-13,RPT024,quality alert,High,bottler finance leads,39656,Open,training material should be refreshed
EVT0506,2026-03-02,RPT025,refresh exception,High,category management,20930,Resolved,training material should be refreshed
EVT0507,2026-04-18,RPT027,definition question,Critical,supply planning,21480,Open,training material should be refreshed
EVT0508,2026-02-09,RPT021,definition question,Medium,supply planning,47292,Monitoring,training material should be refreshed
EVT0509,2026-03-01,RPT025,refresh exception,Medium,category management,2831,Resolved,metric definition requires clarification
EVT0510,2026-03-21,RPT006,lineage ownership update,High,bottler finance leads,11374,Open,metric definition requires clarification
EVT0511,2026-02-17,RPT007,stakeholder training ask,Critical,category management,23497,Resolved,quality exception tied to customer hierarchy mapping
EVT0512,2026-04-08,RPT015,quality alert,Critical,supply planning,32977,Monitoring,metric definition requires clarification
EVT0513,2026-04-24,RPT029,refresh exception,High,national customer team,17673,In review,metric definition requires clarification
EVT0514,2026-02-03,RPT017,quality alert,High,national customer team,51174,Open,metric definition requires clarification
EVT0515,2026-02-24,RPT014,refresh exception,Medium,field sales operations,20072,Monitoring,metric definition requires clarification
EVT0516,2026-02-18,RPT012,stakeholder training ask,Medium,bottler finance leads,4055,Monitoring,training material should be refreshed
EVT0517,2026-04-06,RPT005,stakeholder training ask,High,national customer team,15390,Monitoring,source owner confirmation needed
EVT0518,2026-05-09,RPT004,stakeholder training ask,Medium,commercial leadership,11764,In review,quality exception tied to customer hierarchy mapping
EVT0519,2026-03-19,RPT032,quality alert,Medium,field sales operations,25633,In review,source owner confirmation needed
EVT0520,2026-03-28,RPT001,definition question,Medium,category management,43153,Monitoring,training material should be refreshed
EVT0521,2026-04-17,RPT023,lineage ownership update,Medium,national customer team,28401,In review,metric definition requires clarification
EVT0522,2026-03-28,RPT006,lineage ownership update,High,bottler finance leads,53635,Resolved,source owner confirmation needed
EVT0523,2026-04-01,RPT004,lineage ownership update,High,commercial leadership,51349,Open,quality exception tied to customer hierarchy mapping
EVT0524,2026-05-16,RPT008,refresh exception,High,field sales operations,13084,Open,refresh evidence attached to operating review
EVT0525,2026-02-25,RPT016,quality alert,Low,commercial leadership,28183,Resolved,metric definition requires clarification
EVT0526,2026-04-14,RPT013,lineage ownership update,High,category management,23443,In review,training material should be refreshed
EVT0527,2026-02-13,RPT013,definition question,Critical,category management,47880,Open,quality exception tied to customer hierarchy mapping
EVT0528,2026-02-05,RPT029,performance review,Low,national customer team,18920,Open,quality exception tied to customer hierarchy mapping
EVT0529,2026-02-12,RPT014,definition question,Medium,field sales operations,19355,In review,source owner confirmation needed
EVT0530,2026-04-08,RPT002,performance review,Low,field sales operations,45809,Monitoring,metric definition requires clarification
EVT0531,2026-03-09,RPT008,quality alert,Medium,field sales operations,9967,Resolved,metric definition requires clarification
EVT0532,2026-04-14,RPT001,lineage ownership update,Critical,category management,51328,In review,training material should be refreshed
EVT0533,2026-03-22,RPT017,lineage ownership update,Medium,national customer team,38741,Open,refresh evidence attached to operating review
EVT0534,2026-05-14,RPT008,quality alert,Low,field sales operations,12145,Resolved,refresh evidence attached to operating review
EVT0535,2026-05-19,RPT028,lineage ownership update,Low,commercial leadership,4466,In review,training material should be refreshed
EVT0536,2026-04-02,RPT008,lineage ownership update,Medium,field sales operations,32051,In review,training material should be refreshed
EVT0537,2026-04-13,RPT019,lineage ownership update,High,category management,12765,Open,refresh evidence attached to operating review
EVT0538,2026-04-03,RPT025,lineage ownership update,Low,category management,24508,In review,quality exception tied to customer hierarchy mapping
EVT0539,2026-01-30,RPT014,refresh exception,Critical,field sales operations,33509,Resolved,source owner confirmation needed
EVT0540,2026-03-12,RPT028,definition question,Low,commercial leadership,8185,Open,source owner confirmation needed
EVT0541,2026-02-24,RPT024,definition question,Low,bottler finance leads,50445,In review,refresh evidence attached to operating review
EVT0542,2026-03-10,RPT029,refresh exception,Low,national customer team,44805,In review,metric definition requires clarification
EVT0543,2026-03-10,RPT007,quality alert,High,category management,32090,Resolved,source owner confirmation needed
EVT0544,2026-01-24,RPT002,refresh exception,Medium,field sales operations,26492,Monitoring,quality exception tied to customer hierarchy mapping
EVT0545,2026-03-21,RPT023,definition question,Medium,national customer team,39576,Monitoring,metric definition requires clarification
EVT0546,2026-05-09,RPT018,stakeholder training ask,Low,bottler finance leads,50030,Resolved,training material should be refreshed
EVT0547,2026-05-10,RPT005,stakeholder training ask,Medium,national customer team,4310,In review,source owner confirmation needed
EVT0548,2026-04-05,RPT012,refresh exception,Medium,bottler finance leads,13782,Monitoring,metric definition requires clarification
EVT0549,2026-02-06,RPT031,definition question,Low,category management,7319,In review,quality exception tied to customer hierarchy mapping
EVT0550,2026-04-25,RPT003,quality alert,Low,supply planning,4654,In review,refresh evidence attached to operating review
EVT0551,2026-02-18,RPT010,stakeholder training ask,Low,commercial leadership,24984,Open,refresh evidence attached to operating review
EVT0552,2026-04-16,RPT030,definition question,Medium,bottler finance leads,45534,Resolved,metric definition requires clarification
EVT0553,2026-04-03,RPT010,quality alert,High,commercial leadership,19638,Monitoring,training material should be refreshed
EVT0554,2026-03-24,RPT018,stakeholder training ask,Medium,bottler finance leads,6237,Monitoring,quality exception tied to customer hierarchy mapping
EVT0555,2026-02-27,RPT006,definition question,High,bottler finance leads,40204,Open,metric definition requires clarification
EVT0556,2026-03-04,RPT025,quality alert,High,category management,50212,Resolved,metric definition requires clarification
EVT0557,2026-03-17,RPT014,quality alert,High,field sales operations,29838,Monitoring,refresh evidence attached to operating review
EVT0558,2026-04-25,RPT025,quality alert,Medium,category management,28026,Monitoring,refresh evidence attached to operating review
EVT0559,2026-03-24,RPT005,definition question,Critical,national customer team,39737,Open,training material should be refreshed
EVT0560,2026-04-26,RPT023,definition question,Medium,national customer team,50753,In review,training material should be refreshed
EVT0561,2026-04-18,RPT011,refresh exception,High,national customer team,40349,Monitoring,training material should be refreshed
EVT0562,2026-03-07,RPT010,definition question,Critical,commercial leadership,36091,Open,refresh evidence attached to operating review
EVT0563,2026-02-18,RPT018,stakeholder training ask,Low,bottler finance leads,41660,Monitoring,source owner confirmation needed
EVT0564,2026-02-26,RPT013,lineage ownership update,Critical,category management,15756,Open,source owner confirmation needed
EVT0565,2026-01-25,RPT028,refresh exception,High,commercial leadership,26108,Resolved,metric definition requires clarification
EVT0566,2026-02-12,RPT024,refresh exception,Low,bottler finance leads,51809,Resolved,training material should be refreshed
EVT0567,2026-02-21,RPT012,refresh exception,Low,bottler finance leads,23960,Open,training material should be refreshed
EVT0568,2026-05-07,RPT014,performance review,Critical,field sales operations,41246,Open,quality exception tied to customer hierarchy mapping
EVT0569,2026-05-07,RPT027,lineage ownership update,Low,supply planning,36014,In review,training material should be refreshed
EVT0570,2026-05-14,RPT024,definition question,Medium,bottler finance leads,29194,Resolved,training material should be refreshed
EVT0571,2026-04-11,RPT017,lineage ownership update,Critical,national customer team,25648,Monitoring,quality exception tied to customer hierarchy mapping
EVT0572,2026-02-22,RPT031,quality alert,High,category management,49280,Resolved,metric definition requires clarification
EVT0573,2026-04-23,RPT004,definition question,Medium,commercial leadership,26404,In review,refresh evidence attached to operating review
EVT0574,2026-03-12,RPT021,lineage ownership update,High,supply planning,39551,Monitoring,quality exception tied to customer hierarchy mapping
EVT0575,2026-01-27,RPT021,performance review,Critical,supply planning,35442,Monitoring,refresh evidence attached to operating review
EVT0576,2026-04-27,RPT012,definition question,Medium,bottler finance leads,4917,Open,training material should be refreshed
EVT0577,2026-03-30,RPT001,stakeholder training ask,Critical,category management,35438,Resolved,training material should be refreshed
EVT0578,2026-02-02,RPT007,lineage ownership update,Medium,category management,45720,In review,training material should be refreshed
EVT0579,2026-03-22,RPT027,refresh exception,Medium,supply planning,31619,Resolved,metric definition requires clarification
EVT0580,2026-03-17,RPT014,refresh exception,Low,field sales operations,1753,In review,quality exception tied to customer hierarchy mapping
EVT0581,2026-05-11,RPT024,lineage ownership update,Critical,bottler finance leads,13686,Resolved,source owner confirmation needed
EVT0582,2026-03-05,RPT032,stakeholder training ask,Low,field sales operations,25201,In review,metric definition requires clarification
EVT0583,2026-04-02,RPT003,performance review,Medium,supply planning,25859,Open,metric definition requires clarification
EVT0584,2026-01-28,RPT002,definition question,High,field sales operations,27896,Resolved,source owner confirmation needed
EVT0585,2026-02-09,RPT031,performance review,High,category management,5851,Open,metric definition requires clarification
EVT0586,2026-03-24,RPT028,definition question,Low,commercial leadership,26602,In review,metric definition requires clarification
EVT0587,2026-01-25,RPT018,refresh exception,Low,bottler finance leads,31088,Open,metric definition requires clarification
EVT0588,2026-04-26,RPT003,quality alert,Critical,supply planning,3032,Monitoring,source owner confirmation needed
EVT0589,2026-03-13,RPT017,stakeholder training ask,Low,national customer team,37368,Monitoring,refresh evidence attached to operating review
EVT0590,2026-03-21,RPT015,quality alert,Low,supply planning,28472,In review,refresh evidence attached to operating review
EVT0591,2026-04-08,RPT023,quality alert,Critical,national customer team,21485,Monitoring,source owner confirmation needed
EVT0592,2026-01-25,RPT006,refresh exception,Critical,bottler finance leads,42963,Monitoring,refresh evidence attached to operating review
EVT0593,2026-01-26,RPT019,refresh exception,Critical,category management,4807,Open,quality exception tied to customer hierarchy mapping
EVT0594,2026-02-05,RPT014,definition question,Critical,field sales operations,26187,Open,quality exception tied to customer hierarchy mapping
EVT0595,2026-03-09,RPT001,refresh exception,Low,category management,35714,Resolved,metric definition requires clarification
EVT0596,2026-01-25,RPT030,refresh exception,Critical,bottler finance leads,5286,Open,source owner confirmation needed
EVT0597,2026-05-17,RPT001,quality alert,Medium,category management,9877,Open,metric definition requires clarification
EVT0598,2026-04-01,RPT026,quality alert,Low,field sales operations,22081,Open,source owner confirmation needed
EVT0599,2026-05-18,RPT008,refresh exception,Low,field sales operations,49299,Monitoring,quality exception tied to customer hierarchy mapping
EVT0600,2026-05-01,RPT013,definition question,Low,category management,1540,Monitoring,refresh evidence attached to operating review
EVT0601,2026-04-08,RPT028,lineage ownership update,Critical,commercial leadership,5445,Open,source owner confirmation needed
EVT0602,2026-04-08,RPT019,definition question,Low,category management,6545,Monitoring,metric definition requires clarification
EVT0603,2026-04-01,RPT012,quality alert,Medium,bottler finance leads,24976,Open,quality exception tied to customer hierarchy mapping
EVT0604,2026-02-21,RPT025,quality alert,High,category management,34418,Monitoring,source owner confirmation needed
EVT0605,2026-03-18,RPT028,quality alert,Low,commercial leadership,5323,Monitoring,source owner confirmation needed
EVT0606,2026-05-04,RPT010,definition question,High,commercial leadership,20954,Monitoring,training material should be refreshed
EVT0607,2026-01-24,RPT021,quality alert,High,supply planning,49619,In review,source owner confirmation needed
EVT0608,2026-05-17,RPT010,definition question,High,commercial leadership,42914,Open,training material should be refreshed
EVT0609,2026-03-05,RPT030,lineage ownership update,High,bottler finance leads,1329,In review,training material should be refreshed
EVT0610,2026-02-21,RPT010,performance review,Medium,commercial leadership,28655,In review,metric definition requires clarification
EVT0611,2026-02-11,RPT024,quality alert,Low,bottler finance leads,44418,Monitoring,training material should be refreshed
EVT0612,2026-03-25,RPT019,stakeholder training ask,Critical,category management,9388,In review,metric definition requires clarification
EVT0613,2026-02-08,RPT001,refresh exception,Critical,category management,7104,In review,quality exception tied to customer hierarchy mapping
EVT0614,2026-01-21,RPT009,quality alert,Low,supply planning,52196,Monitoring,refresh evidence attached to operating review
EVT0615,2026-05-06,RPT028,performance review,Critical,commercial leadership,19554,Resolved,quality exception tied to customer hierarchy mapping
EVT0616,2026-02-11,RPT011,lineage ownership update,Critical,national customer team,37548,Open,refresh evidence attached to operating review
EVT0617,2026-04-08,RPT013,refresh exception,Low,category management,20813,Monitoring,metric definition requires clarification
EVT0618,2026-04-19,RPT003,lineage ownership update,Critical,supply planning,28555,Monitoring,refresh evidence attached to operating review
EVT0619,2026-02-11,RPT028,lineage ownership update,Critical,commercial leadership,3273,In review,quality exception tied to customer hierarchy mapping
EVT0620,2026-04-13,RPT028,definition question,Low,commercial leadership,42975,Open,training material should be refreshed
EVT0621,2026-02-04,RPT032,stakeholder training ask,High,field sales operations,40217,Resolved,training material should be refreshed
EVT0622,2026-04-11,RPT021,lineage ownership update,High,supply planning,49231,Resolved,refresh evidence attached to operating review
EVT0623,2026-03-20,RPT023,stakeholder training ask,Low,national customer team,17264,Monitoring,source owner confirmation needed
EVT0624,2026-02-14,RPT023,definition question,Medium,national customer team,31712,In review,metric definition requires clarification
EVT0625,2026-04-28,RPT030,quality alert,Medium,bottler finance leads,52514,In review,refresh evidence attached to operating review
EVT0626,2026-03-15,RPT025,definition question,High,category management,50757,Resolved,metric definition requires clarification
EVT0627,2026-05-10,RPT032,definition question,High,field sales operations,29272,Resolved,training material should be refreshed
EVT0628,2026-04-12,RPT018,refresh exception,Medium,bottler finance leads,49011,Open,source owner confirmation needed
EVT0629,2026-04-12,RPT010,refresh exception,High,commercial leadership,16514,Monitoring,refresh evidence attached to operating review
EVT0630,2026-04-26,RPT021,lineage ownership update,High,supply planning,24734,In review,quality exception tied to customer hierarchy mapping
EVT0631,2026-02-16,RPT012,quality alert,Medium,bottler finance leads,21231,Resolved,metric definition requires clarification
EVT0632,2026-03-05,RPT014,stakeholder training ask,Critical,field sales operations,34931,In review,metric definition requires clarification
EVT0633,2026-05-04,RPT027,definition question,Critical,supply planning,45164,Resolved,training material should be refreshed
EVT0634,2026-04-15,RPT010,refresh exception,Medium,commercial leadership,47064,Open,source owner confirmation needed
EVT0635,2026-02-18,RPT013,performance review,Critical,category management,43066,Monitoring,source owner confirmation needed
EVT0636,2026-05-15,RPT005,definition question,Critical,national customer team,32776,Open,source owner confirmation needed
EVT0637,2026-05-12,RPT020,refresh exception,Low,field sales operations,6376,Resolved,quality exception tied to customer hierarchy mapping
EVT0638,2026-04-11,RPT007,stakeholder training ask,Medium,category management,15084,Open,training material should be refreshed
EVT0639,2026-04-08,RPT016,definition question,Medium,commercial leadership,37167,Open,source owner confirmation needed
EVT0640,2026-03-30,RPT023,stakeholder training ask,Critical,national customer team,23343,Open,quality exception tied to customer hierarchy mapping
EVT0641,2026-03-09,RPT005,quality alert,Critical,national customer team,42984,Resolved,source owner confirmation needed
EVT0642,2026-05-13,RPT024,stakeholder training ask,Medium,bottler finance leads,9114,Resolved,source owner confirmation needed
EVT0643,2026-04-13,RPT003,lineage ownership update,Low,supply planning,5271,Open,quality exception tied to customer hierarchy mapping
EVT0644,2026-02-26,RPT017,quality alert,Low,national customer team,3526,In review,refresh evidence attached to operating review
EVT0645,2026-02-17,RPT032,quality alert,Low,field sales operations,45589,Monitoring,training material should be refreshed
EVT0646,2026-04-02,RPT026,definition question,Medium,field sales operations,30459,Monitoring,metric definition requires clarification
EVT0647,2026-05-06,RPT001,performance review,Medium,category management,26277,In review,metric definition requires clarification
EVT0648,2026-05-03,RPT026,stakeholder training ask,Critical,field sales operations,49473,In review,source owner confirmation needed
EVT0649,2026-02-28,RPT006,quality alert,Low,bottler finance leads,50129,Open,refresh evidence attached to operating review
EVT0650,2026-02-18,RPT022,lineage ownership update,Critical,commercial leadership,6337,Resolved,source owner confirmation needed
EVT0651,2026-05-08,RPT018,quality alert,Critical,bottler finance leads,48465,Resolved,metric definition requires clarification
EVT0652,2026-01-23,RPT015,stakeholder training ask,High,supply planning,49076,Monitoring,source owner confirmation needed
EVT0653,2026-02-14,RPT019,lineage ownership update,Medium,category management,48897,Open,refresh evidence attached to operating review
EVT0654,2026-02-27,RPT032,performance review,Medium,field sales operations,46454,Resolved,training material should be refreshed
EVT0655,2026-03-06,RPT004,lineage ownership update,High,commercial leadership,44233,Monitoring,training material should be refreshed
EVT0656,2026-04-01,RPT016,lineage ownership update,High,commercial leadership,33218,Resolved,metric definition requires clarification
EVT0657,2026-05-02,RPT031,quality alert,High,category management,23071,Monitoring,quality exception tied to customer hierarchy mapping
EVT0658,2026-02-12,RPT012,definition question,High,bottler finance leads,23798,Resolved,source owner confirmation needed
EVT0659,2026-02-08,RPT018,refresh exception,Low,bottler finance leads,1817,Open,training material should be refreshed
EVT0660,2026-02-04,RPT026,refresh exception,Critical,field sales operations,30397,Resolved,training material should be refreshed
EVT0661,2026-02-15,RPT024,lineage ownership update,Low,bottler finance leads,48471,Resolved,refresh evidence attached to operating review
EVT0662,2026-03-10,RPT025,quality alert,Critical,category management,40164,In review,metric definition requires clarification
EVT0663,2026-04-02,RPT016,definition question,Medium,commercial leadership,49105,Open,source owner confirmation needed
EVT0664,2026-04-13,RPT009,definition question,High,supply planning,14001,Resolved,metric definition requires clarification
EVT0665,2026-03-12,RPT024,performance review,Medium,bottler finance leads,30981,Monitoring,metric definition requires clarification
EVT0666,2026-02-11,RPT007,definition question,Medium,category management,21611,Resolved,quality exception tied to customer hierarchy mapping
EVT0667,2026-05-03,RPT032,refresh exception,Low,field sales operations,15675,Open,source owner confirmation needed
EVT0668,2026-03-17,RPT005,definition question,Low,national customer team,33347,In review,metric definition requires clarification
EVT0669,2026-04-01,RPT024,quality alert,Critical,bottler finance leads,10510,Resolved,quality exception tied to customer hierarchy mapping
EVT0670,2026-02-04,RPT012,definition question,Low,bottler finance leads,23468,Monitoring,quality exception tied to customer hierarchy mapping
EVT0671,2026-02-28,RPT020,quality alert,Critical,field sales operations,37090,Monitoring,source owner confirmation needed
EVT0672,2026-05-19,RPT030,refresh exception,Medium,bottler finance leads,22411,In review,training material should be refreshed
EVT0673,2026-05-16,RPT006,refresh exception,High,bottler finance leads,52544,Resolved,quality exception tied to customer hierarchy mapping
EVT0674,2026-03-03,RPT012,stakeholder training ask,Medium,bottler finance leads,48489,Monitoring,metric definition requires clarification
EVT0675,2026-04-30,RPT028,definition question,Medium,commercial leadership,45326,In review,source owner confirmation needed
EVT0676,2026-01-30,RPT028,quality alert,Low,commercial leadership,43412,In review,quality exception tied to customer hierarchy mapping
EVT0677,2026-04-14,RPT027,lineage ownership update,Critical,supply planning,37792,Resolved,metric definition requires clarification
EVT0678,2026-03-22,RPT031,definition question,Low,category management,21810,In review,refresh evidence attached to operating review
EVT0679,2026-05-01,RPT029,quality alert,Low,national customer team,46616,Monitoring,training material should be refreshed
EVT0680,2026-05-05,RPT003,stakeholder training ask,Critical,supply planning,41567,Open,metric definition requires clarification
EVT0681,2026-05-09,RPT021,performance review,Critical,supply planning,35146,Resolved,quality exception tied to customer hierarchy mapping
EVT0682,2026-02-26,RPT018,refresh exception,Critical,bottler finance leads,19919,In review,metric definition requires clarification
EVT0683,2026-04-28,RPT007,refresh exception,Low,category management,22161,Monitoring,quality exception tied to customer hierarchy mapping
EVT0684,2026-02-28,RPT021,refresh exception,Medium,supply planning,26551,In review,source owner confirmation needed
EVT0685,2026-03-11,RPT003,performance review,Low,supply planning,48108,In review,refresh evidence attached to operating review
EVT0686,2026-02-10,RPT016,quality alert,High,commercial leadership,49677,Open,quality exception tied to customer hierarchy mapping
EVT0687,2026-05-10,RPT021,quality alert,Medium,supply planning,40173,Open,refresh evidence attached to operating review
EVT0688,2026-03-12,RPT023,refresh exception,Medium,national customer team,46764,Open,refresh evidence attached to operating review
EVT0689,2026-05-02,RPT016,lineage ownership update,Critical,commercial leadership,6346,Resolved,quality exception tied to customer hierarchy mapping
EVT0690,2026-04-17,RPT019,definition question,High,category management,21379,In review,source owner confirmation needed
EVT0691,2026-03-20,RPT001,performance review,High,category management,52486,Resolved,refresh evidence attached to operating review
EVT0692,2026-03-21,RPT032,definition question,Low,field sales operations,43683,Resolved,refresh evidence attached to operating review
EVT0693,2026-05-11,RPT023,refresh exception,Medium,national customer team,7562,Monitoring,metric definition requires clarification
EVT0694,2026-04-26,RPT013,quality alert,High,category management,15728,In review,refresh evidence attached to operating review
EVT0695,2026-01-25,RPT013,definition question,Critical,category management,49342,Resolved,refresh evidence attached to operating review
EVT0696,2026-03-12,RPT025,refresh exception,Critical,category management,5024,In review,training material should be refreshed
EVT0697,2026-03-19,RPT002,performance review,Critical,field sales operations,29228,Monitoring,source owner confirmation needed
EVT0698,2026-04-03,RPT025,performance review,High,category management,2463,Resolved,metric definition requires clarification
EVT0699,2026-01-30,RPT028,refresh exception,Critical,commercial leadership,34813,Monitoring,training material should be refreshed
EVT0700,2026-05-10,RPT023,performance review,Medium,national customer team,10109,Monitoring,training material should be refreshed
EVT0701,2026-02-23,RPT032,refresh exception,High,field sales operations,5401,In review,training material should be refreshed
EVT0702,2026-04-16,RPT001,definition question,Medium,category management,38477,Monitoring,quality exception tied to customer hierarchy mapping
EVT0703,2026-03-26,RPT019,quality alert,High,category management,39411,Monitoring,source owner confirmation needed
EVT0704,2026-01-20,RPT001,refresh exception,Medium,category management,1706,Monitoring,source owner confirmation needed
EVT0705,2026-04-10,RPT025,quality alert,Low,category management,40024,In review,quality exception tied to customer hierarchy mapping
EVT0706,2026-03-22,RPT010,refresh exception,Low,commercial leadership,34358,In review,quality exception tied to customer hierarchy mapping
EVT0707,2026-04-08,RPT007,lineage ownership update,Critical,category management,40779,In review,source owner confirmation needed
EVT0708,2026-03-03,RPT027,refresh exception,Low,supply planning,35588,Open,refresh evidence attached to operating review
EVT0709,2026-03-19,RPT024,stakeholder training ask,Low,bottler finance leads,7920,Open,quality exception tied to customer hierarchy mapping
EVT0710,2026-04-21,RPT028,stakeholder training ask,High,commercial leadership,50312,In review,metric definition requires clarification
EVT0711,2026-02-05,RPT027,definition question,Low,supply planning,23075,In review,quality exception tied to customer hierarchy mapping
EVT0712,2026-02-10,RPT015,lineage ownership update,Low,supply planning,53366,Monitoring,refresh evidence attached to operating review
EVT0713,2026-05-01,RPT022,performance review,Low,commercial leadership,33148,Monitoring,metric definition requires clarification
EVT0714,2026-02-15,RPT005,refresh exception,Critical,national customer team,20182,In review,source owner confirmation needed
EVT0715,2026-03-02,RPT016,quality alert,Critical,commercial leadership,45526,Monitoring,metric definition requires clarification
EVT0716,2026-03-04,RPT023,lineage ownership update,Medium,national customer team,33434,Monitoring,training material should be refreshed
EVT0717,2026-01-31,RPT005,lineage ownership update,Medium,national customer team,22203,Monitoring,refresh evidence attached to operating review
EVT0718,2026-02-03,RPT022,stakeholder training ask,Medium,commercial leadership,40268,Open,refresh evidence attached to operating review
EVT0719,2026-03-21,RPT011,refresh exception,High,national customer team,17704,In review,refresh evidence attached to operating review
EVT0720,2026-03-29,RPT012,refresh exception,Medium,bottler finance leads,20030,Open,metric definition requires clarification
EVT0721,2026-01-23,RPT022,quality alert,Medium,commercial leadership,19763,Monitoring,source owner confirmation needed
EVT0722,2026-02-28,RPT031,lineage ownership update,Critical,category management,42795,Monitoring,training material should be refreshed
EVT0723,2026-02-27,RPT029,performance review,High,national customer team,29242,Resolved,training material should be refreshed
EVT0724,2026-03-29,RPT017,quality alert,Low,national customer team,34969,Monitoring,metric definition requires clarification
EVT0725,2026-02-02,RPT012,quality alert,High,bottler finance leads,22563,Monitoring,refresh evidence attached to operating review
EVT0726,2026-05-05,RPT018,refresh exception,High,bottler finance leads,5006,In review,source owner confirmation needed
EVT0727,2026-01-28,RPT022,quality alert,High,commercial leadership,51279,Monitoring,training material should be refreshed
EVT0728,2026-03-30,RPT004,performance review,Critical,commercial leadership,22382,Monitoring,quality exception tied to customer hierarchy mapping
EVT0729,2026-04-18,RPT028,performance review,Medium,commercial leadership,36950,Monitoring,training material should be refreshed
EVT0730,2026-03-22,RPT019,stakeholder training ask,Low,category management,16173,Resolved,source owner confirmation needed
EVT0731,2026-03-04,RPT011,performance review,Medium,national customer team,43222,In review,training material should be refreshed
EVT0732,2026-01-23,RPT006,stakeholder training ask,High,bottler finance leads,52091,Monitoring,metric definition requires clarification
EVT0733,2026-03-14,RPT029,stakeholder training ask,High,national customer team,28843,In review,source owner confirmation needed
EVT0734,2026-05-04,RPT027,stakeholder training ask,Low,supply planning,16686,In review,metric definition requires clarification
EVT0735,2026-03-17,RPT025,performance review,Critical,category management,30962,Resolved,training material should be refreshed
EVT0736,2026-01-24,RPT007,performance review,High,category management,14502,Monitoring,source owner confirmation needed
EVT0737,2026-03-27,RPT008,quality alert,Low,field sales operations,2002,In review,training material should be refreshed
EVT0738,2026-04-09,RPT003,performance review,Medium,supply planning,23176,In review,refresh evidence attached to operating review
EVT0739,2026-05-17,RPT008,stakeholder training ask,Medium,field sales operations,46254,In review,source owner confirmation needed
EVT0740,2026-01-30,RPT014,performance review,Low,field sales operations,29848,Monitoring,refresh evidence attached to operating review
EVT0741,2026-05-15,RPT019,stakeholder training ask,High,category management,7520,Resolved,refresh evidence attached to operating review
EVT0742,2026-04-21,RPT032,performance review,Critical,field sales operations,35668,Resolved,training material should be refreshed
EVT0743,2026-04-09,RPT032,performance review,High,field sales operations,31690,Monitoring,source owner confirmation needed
EVT0744,2026-02-26,RPT007,lineage ownership update,Low,category management,31222,Resolved,refresh evidence attached to operating review
EVT0745,2026-04-12,RPT005,lineage ownership update,Low,national customer team,25813,In review,metric definition requires clarification
EVT0746,2026-02-01,RPT023,refresh exception,Medium,national customer team,9909,Monitoring,quality exception tied to customer hierarchy mapping
EVT0747,2026-03-11,RPT026,lineage ownership update,Critical,field sales operations,36720,Resolved,metric definition requires clarification
EVT0748,2026-01-22,RPT002,quality alert,Medium,field sales operations,26448,Resolved,source owner confirmation needed
EVT0749,2026-01-26,RPT015,definition question,Medium,supply planning,18339,Open,source owner confirmation needed
EVT0750,2026-04-26,RPT018,quality alert,Low,bottler finance leads,49325,Monitoring,refresh evidence attached to operating review
EVT0751,2026-05-08,RPT024,refresh exception,Medium,bottler finance leads,15355,Resolved,metric definition requires clarification
EVT0752,2026-04-06,RPT019,definition question,Critical,category management,29855,Open,metric definition requires clarification
EVT0753,2026-05-10,RPT027,performance review,Low,supply planning,3184,Resolved,quality exception tied to customer hierarchy mapping
EVT0754,2026-04-26,RPT011,performance review,Critical,national customer team,4721,Resolved,training material should be refreshed
EVT0755,2026-03-27,RPT014,stakeholder training ask,Critical,field sales operations,27311,Open,metric definition requires clarification
EVT0756,2026-03-13,RPT029,stakeholder training ask,Critical,national customer team,11183,Open,metric definition requires clarification
EVT0757,2026-02-27,RPT022,performance review,High,commercial leadership,27678,Open,training material should be refreshed
EVT0758,2026-05-08,RPT015,refresh exception,High,supply planning,49764,In review,quality exception tied to customer hierarchy mapping
EVT0759,2026-04-17,RPT013,definition question,High,category management,17257,Open,metric definition requires clarification
EVT0760,2026-01-24,RPT004,lineage ownership update,High,commercial leadership,39012,Open,training material should be refreshed
